countryiso3code,date,value,unit,obs_status,decimal,indicator.id,indicator.value,country.id,country.value
ARG,2014,43024071,,,0,SP.POP.TOTL,"Population, total",AR,Argentina
ARG,2013,42582455,,,0,SP.POP.TOTL,"Population, total",AR,Argentina
ARG,2012,42161721,,,0,SP.POP.TOTL,"Population, total",AR,Argentina
ARG,2011,41730660,,,0,SP.POP.TOTL,"Population, total",AR,Argentina
ARG,2010,41288694,,,0,SP.POP.TOTL,"Population, total",AR,Argentina
ARG,2009,40854831,,,0,SP.POP.TOTL,"Population, total",AR,Argentina
ARG,2008,40424148,,,0,SP.POP.TOTL,"Population, total",AR,Argentina
ARG,2007,40016763,,,0,SP.POP.TOTL,"Population, total",AR,Argentina
ARG,2006,39622115,,,0,SP.POP.TOTL,"Population, total",AR,Argentina
ARG,2005,39216789,,,0,SP.POP.TOTL,"Population, total",AR,Argentina
ARG,2004,38815916,,,0,SP.POP.TOTL,"Population, total",AR,Argentina
ARG,2003,38424282,,,0,SP.POP.TOTL,"Population, total",AR,Argentina
ARG,2002,38029349,,,0,SP.POP.TOTL,"Population, total",AR,Argentina
ARG,2001,37624825,,,0,SP.POP.TOTL,"Population, total",AR,Argentina
ARG,2000,37213984,,,0,SP.POP.TOTL,"Population, total",AR,Argentina
ARG,1999,36794682,,,0,SP.POP.TOTL,"Population, total",AR,Argentina
ARG,1998,36372860,,,0,SP.POP.TOTL,"Population, total",AR,Argentina
ARG,1997,35947791,,,0,SP.POP.TOTL,"Population, total",AR,Argentina
ARG,1996,35513793,,,0,SP.POP.TOTL,"Population, total",AR,Argentina
ARG,1995,35070020,,,0,SP.POP.TOTL,"Population, total",AR,Argentina
ARG,1994,34613491,,,0,SP.POP.TOTL,"Population, total",AR,Argentina
ARG,1993,34152717,,,0,SP.POP.TOTL,"Population, total",AR,Argentina
ARG,1992,33693527,,,0,SP.POP.TOTL,"Population, total",AR,Argentina
ARG,1991,33230294,,,0,SP.POP.TOTL,"Population, total",AR,Argentina
ARG,1990,32755901,,,0,SP.POP.TOTL,"Population, total",AR,Argentina
ARG,1989,32270948,,,0,SP.POP.TOTL,"Population, total",AR,Argentina
ARG,1988,31780532,,,0,SP.POP.TOTL,"Population, total",AR,Argentina
ARG,1987,31291762,,,0,SP.POP.TOTL,"Population, total",AR,Argentina
ARG,1986,30811980,,,0,SP.POP.TOTL,"Population, total",AR,Argentina
ARG,1985,30336441,,,0,SP.POP.TOTL,"Population, total",AR,Argentina
ARG,1984,29863093,,,0,SP.POP.TOTL,"Population, total",AR,Argentina
ARG,1983,29391332,,,0,SP.POP.TOTL,"Population, total",AR,Argentina
ARG,1982,28924262,,,0,SP.POP.TOTL,"Population, total",AR,Argentina
ARG,1981,28463959,,,0,SP.POP.TOTL,"Population, total",AR,Argentina
ARG,1980,28011596,,,0,SP.POP.TOTL,"Population, total",AR,Argentina
ARG,1979,27568895,,,0,SP.POP.TOTL,"Population, total",AR,Argentina
ARG,1978,27132158,,,0,SP.POP.TOTL,"Population, total",AR,Argentina
ARG,1977,26701805,,,0,SP.POP.TOTL,"Population, total",AR,Argentina
ARG,1976,26282283,,,0,SP.POP.TOTL,"Population, total",AR,Argentina
ARG,1975,25874107,,,0,SP.POP.TOTL,"Population, total",AR,Argentina
ARG,1974,25461351,,,0,SP.POP.TOTL,"Population, total",AR,Argentina
ARG,1973,25046005,,,0,SP.POP.TOTL,"Population, total",AR,Argentina
ARG,1972,24644328,,,0,SP.POP.TOTL,"Population, total",AR,Argentina
ARG,1971,24257208,,,0,SP.POP.TOTL,"Population, total",AR,Argentina
ARG,1970,23878327,,,0,SP.POP.TOTL,"Population, total",AR,Argentina
ARG,1969,23508711,,,0,SP.POP.TOTL,"Population, total",AR,Argentina
ARG,1968,23150583,,,0,SP.POP.TOTL,"Population, total",AR,Argentina
ARG,1967,22799059,,,0,SP.POP.TOTL,"Population, total",AR,Argentina
ARG,1966,22453893,,,0,SP.POP.TOTL,"Population, total",AR,Argentina
ARG,1965,22112629,,,0,SP.POP.TOTL,"Population, total",AR,Argentina
ARG,1964,21769453,,,0,SP.POP.TOTL,"Population, total",AR,Argentina
ARG,1963,21421705,,,0,SP.POP.TOTL,"Population, total",AR,Argentina
ARG,1962,21072538,,,0,SP.POP.TOTL,"Population, total",AR,Argentina
ARG,1961,20726276,,,0,SP.POP.TOTL,"Population, total",AR,Argentina
ARG,1960,20386045,,,0,SP.POP.TOTL,"Population, total",AR,Argentina
AUT,2014,8546356,,,0,SP.POP.TOTL,"Population, total",AT,Austria
AUT,2013,8479823,,,0,SP.POP.TOTL,"Population, total",AT,Austria
AUT,2012,8429991,,,0,SP.POP.TOTL,"Population, total",AT,Austria
AUT,2011,8391643,,,0,SP.POP.TOTL,"Population, total",AT,Austria
AUT,2010,8363404,,,0,SP.POP.TOTL,"Population, total",AT,Austria
AUT,2009,8343323,,,0,SP.POP.TOTL,"Population, total",AT,Austria
AUT,2008,8321496,,,0,SP.POP.TOTL,"Population, total",AT,Austria
AUT,2007,8295487,,,0,SP.POP.TOTL,"Population, total",AT,Austria
AUT,2006,8268641,,,0,SP.POP.TOTL,"Population, total",AT,Austria
AUT,2005,8227829,,,0,SP.POP.TOTL,"Population, total",AT,Austria
AUT,2004,8171966,,,0,SP.POP.TOTL,"Population, total",AT,Austria
AUT,2003,8121423,,,0,SP.POP.TOTL,"Population, total",AT,Austria
AUT,2002,8081957,,,0,SP.POP.TOTL,"Population, total",AT,Austria
AUT,2001,8042293,,,0,SP.POP.TOTL,"Population, total",AT,Austria
AUT,2000,8011566,,,0,SP.POP.TOTL,"Population, total",AT,Austria
AUT,1999,7992324,,,0,SP.POP.TOTL,"Population, total",AT,Austria
AUT,1998,7976789,,,0,SP.POP.TOTL,"Population, total",AT,Austria
AUT,1997,7968041,,,0,SP.POP.TOTL,"Population, total",AT,Austria
AUT,1996,7959017,,,0,SP.POP.TOTL,"Population, total",AT,Austria
AUT,1995,7948278,,,0,SP.POP.TOTL,"Population, total",AT,Austria
AUT,1994,7936118,,,0,SP.POP.TOTL,"Population, total",AT,Austria
AUT,1993,7905633,,,0,SP.POP.TOTL,"Population, total",AT,Austria
AUT,1992,7840709,,,0,SP.POP.TOTL,"Population, total",AT,Austria
AUT,1991,7754891,,,0,SP.POP.TOTL,"Population, total",AT,Austria
AUT,1990,7677850,,,0,SP.POP.TOTL,"Population, total",AT,Austria
AUT,1989,7619567,,,0,SP.POP.TOTL,"Population, total",AT,Austria
AUT,1988,7585317,,,0,SP.POP.TOTL,"Population, total",AT,Austria
AUT,1987,7574586,,,0,SP.POP.TOTL,"Population, total",AT,Austria
AUT,1986,7569794,,,0,SP.POP.TOTL,"Population, total",AT,Austria
AUT,1985,7564985,,,0,SP.POP.TOTL,"Population, total",AT,Austria
AUT,1984,7561434,,,0,SP.POP.TOTL,"Population, total",AT,Austria
AUT,1983,7561910,,,0,SP.POP.TOTL,"Population, total",AT,Austria
AUT,1982,7574140,,,0,SP.POP.TOTL,"Population, total",AT,Austria
AUT,1981,7568710,,,0,SP.POP.TOTL,"Population, total",AT,Austria
AUT,1980,7549433,,,0,SP.POP.TOTL,"Population, total",AT,Austria
AUT,1979,7549425,,,0,SP.POP.TOTL,"Population, total",AT,Austria
AUT,1978,7562305,,,0,SP.POP.TOTL,"Population, total",AT,Austria
AUT,1977,7568430,,,0,SP.POP.TOTL,"Population, total",AT,Austria
AUT,1976,7565525,,,0,SP.POP.TOTL,"Population, total",AT,Austria
AUT,1975,7578903,,,0,SP.POP.TOTL,"Population, total",AT,Austria
AUT,1974,7599038,,,0,SP.POP.TOTL,"Population, total",AT,Austria
AUT,1973,7586115,,,0,SP.POP.TOTL,"Population, total",AT,Austria
AUT,1972,7544201,,,0,SP.POP.TOTL,"Population, total",AT,Austria
AUT,1971,7500482,,,0,SP.POP.TOTL,"Population, total",AT,Austria
AUT,1970,7467086,,,0,SP.POP.TOTL,"Population, total",AT,Austria
AUT,1969,7441055,,,0,SP.POP.TOTL,"Population, total",AT,Austria
AUT,1968,7415403,,,0,SP.POP.TOTL,"Population, total",AT,Austria
AUT,1967,7376998,,,0,SP.POP.TOTL,"Population, total",AT,Austria
AUT,1966,7322066,,,0,SP.POP.TOTL,"Population, total",AT,Austria
AUT,1965,7270889,,,0,SP.POP.TOTL,"Population, total",AT,Austria
AUT,1964,7223801,,,0,SP.POP.TOTL,"Population, total",AT,Austria
AUT,1963,7175811,,,0,SP.POP.TOTL,"Population, total",AT,Austria
AUT,1962,7129864,,,0,SP.POP.TOTL,"Population, total",AT,Austria
AUT,1961,7086299,,,0,SP.POP.TOTL,"Population, total",AT,Austria
AUT,1960,7047539,,,0,SP.POP.TOTL,"Population, total",AT,Austria
BRA,2014,200085127,,,0,SP.POP.TOTL,"Population, total",BR,Brazil
BRA,2013,198478299,,,0,SP.POP.TOTL,"Population, total",BR,Brazil
BRA,2012,196876111,,,0,SP.POP.TOTL,"Population, total",BR,Brazil
BRA,2011,195284734,,,0,SP.POP.TOTL,"Population, total",BR,Brazil
BRA,2010,193701929,,,0,SP.POP.TOTL,"Population, total",BR,Brazil
BRA,2009,192079951,,,0,SP.POP.TOTL,"Population, total",BR,Brazil
BRA,2008,190367302,,,0,SP.POP.TOTL,"Population, total",BR,Brazil
BRA,2007,188552320,,,0,SP.POP.TOTL,"Population, total",BR,Brazil
BRA,2006,186653106,,,0,SP.POP.TOTL,"Population, total",BR,Brazil
BRA,2005,184688101,,,0,SP.POP.TOTL,"Population, total",BR,Brazil
BRA,2004,182675143,,,0,SP.POP.TOTL,"Population, total",BR,Brazil
BRA,2003,180622688,,,0,SP.POP.TOTL,"Population, total",BR,Brazil
BRA,2002,178503484,,,0,SP.POP.TOTL,"Population, total",BR,Brazil
BRA,2001,176301203,,,0,SP.POP.TOTL,"Population, total",BR,Brazil
BRA,2000,174018282,,,0,SP.POP.TOTL,"Population, total",BR,Brazil
BRA,1999,171641543,,,0,SP.POP.TOTL,"Population, total",BR,Brazil
BRA,1998,169159655,,,0,SP.POP.TOTL,"Population, total",BR,Brazil
BRA,1997,166661659,,,0,SP.POP.TOTL,"Population, total",BR,Brazil
BRA,1996,164202549,,,0,SP.POP.TOTL,"Population, total",BR,Brazil
BRA,1995,161735073,,,0,SP.POP.TOTL,"Population, total",BR,Brazil
BRA,1994,159265006,,,0,SP.POP.TOTL,"Population, total",BR,Brazil
BRA,1993,156794577,,,0,SP.POP.TOTL,"Population, total",BR,Brazil
BRA,1992,154275079,,,0,SP.POP.TOTL,"Population, total",BR,Brazil
BRA,1991,151724256,,,0,SP.POP.TOTL,"Population, total",BR,Brazil
BRA,1990,149143223,,,0,SP.POP.TOTL,"Population, total",BR,Brazil
BRA,1989,146502972,,,0,SP.POP.TOTL,"Population, total",BR,Brazil
BRA,1988,143826357,,,0,SP.POP.TOTL,"Population, total",BR,Brazil
BRA,1987,141104944,,,0,SP.POP.TOTL,"Population, total",BR,Brazil
BRA,1986,138336370,,,0,SP.POP.TOTL,"Population, total",BR,Brazil
BRA,1985,135515595,,,0,SP.POP.TOTL,"Population, total",BR,Brazil
BRA,1984,132658864,,,0,SP.POP.TOTL,"Population, total",BR,Brazil
BRA,1983,129790077,,,0,SP.POP.TOTL,"Population, total",BR,Brazil
BRA,1982,126923155,,,0,SP.POP.TOTL,"Population, total",BR,Brazil
BRA,1981,124063109,,,0,SP.POP.TOTL,"Population, total",BR,Brazil
BRA,1980,121207461,,,0,SP.POP.TOTL,"Population, total",BR,Brazil
BRA,1979,118380821,,,0,SP.POP.TOTL,"Population, total",BR,Brazil
BRA,1978,115600942,,,0,SP.POP.TOTL,"Population, total",BR,Brazil
BRA,1977,112875292,,,0,SP.POP.TOTL,"Population, total",BR,Brazil
BRA,1976,110213349,,,0,SP.POP.TOTL,"Population, total",BR,Brazil
BRA,1975,107619565,,,0,SP.POP.TOTL,"Population, total",BR,Brazil
BRA,1974,105089675,,,0,SP.POP.TOTL,"Population, total",BR,Brazil
BRA,1973,102600976,,,0,SP.POP.TOTL,"Population, total",BR,Brazil
BRA,1972,100146797,,,0,SP.POP.TOTL,"Population, total",BR,Brazil
BRA,1971,97739273,,,0,SP.POP.TOTL,"Population, total",BR,Brazil
BRA,1970,95375651,,,0,SP.POP.TOTL,"Population, total",BR,Brazil
BRA,1969,93045777,,,0,SP.POP.TOTL,"Population, total",BR,Brazil
BRA,1968,90741240,,,0,SP.POP.TOTL,"Population, total",BR,Brazil
BRA,1967,88446124,,,0,SP.POP.TOTL,"Population, total",BR,Brazil
BRA,1966,86139359,,,0,SP.POP.TOTL,"Population, total",BR,Brazil
BRA,1965,83817583,,,0,SP.POP.TOTL,"Population, total",BR,Brazil
BRA,1964,81488595,,,0,SP.POP.TOTL,"Population, total",BR,Brazil
BRA,1963,79164235,,,0,SP.POP.TOTL,"Population, total",BR,Brazil
BRA,1962,76865323,,,0,SP.POP.TOTL,"Population, total",BR,Brazil
BRA,1961,74605447,,,0,SP.POP.TOTL,"Population, total",BR,Brazil
BRA,1960,72388126,,,0,SP.POP.TOTL,"Population, total",BR,Brazil
CHL,2014,17864195,,,0,SP.POP.TOTL,"Population, total",CL,Chile
CHL,2013,17687006,,,0,SP.POP.TOTL,"Population, total",CL,Chile
CHL,2012,17519119,,,0,SP.POP.TOTL,"Population, total",CL,Chile
CHL,2011,17351816,,,0,SP.POP.TOTL,"Population, total",CL,Chile
CHL,2010,17181464,,,0,SP.POP.TOTL,"Population, total",CL,Chile
CHL,2009,17009731,,,0,SP.POP.TOTL,"Population, total",CL,Chile
CHL,2008,16838988,,,0,SP.POP.TOTL,"Population, total",CL,Chile
CHL,2007,16671581,,,0,SP.POP.TOTL,"Population, total",CL,Chile
CHL,2006,16509195,,,0,SP.POP.TOTL,"Population, total",CL,Chile
CHL,2005,16348778,,,0,SP.POP.TOTL,"Population, total",CL,Chile
CHL,2004,16187322,,,0,SP.POP.TOTL,"Population, total",CL,Chile
CHL,2003,16024752,,,0,SP.POP.TOTL,"Population, total",CL,Chile
CHL,2002,15857925,,,0,SP.POP.TOTL,"Population, total",CL,Chile
CHL,2001,15683849,,,0,SP.POP.TOTL,"Population, total",CL,Chile
CHL,2000,15503635,,,0,SP.POP.TOTL,"Population, total",CL,Chile
CHL,1999,15319313,,,0,SP.POP.TOTL,"Population, total",CL,Chile
CHL,1998,15127799,,,0,SP.POP.TOTL,"Population, total",CL,Chile
CHL,1997,14932434,,,0,SP.POP.TOTL,"Population, total",CL,Chile
CHL,1996,14734046,,,0,SP.POP.TOTL,"Population, total",CL,Chile
CHL,1995,14527381,,,0,SP.POP.TOTL,"Population, total",CL,Chile
CHL,1994,14316256,,,0,SP.POP.TOTL,"Population, total",CL,Chile
CHL,1993,14102276,,,0,SP.POP.TOTL,"Population, total",CL,Chile
CHL,1992,13884577,,,0,SP.POP.TOTL,"Population, total",CL,Chile
CHL,1991,13662491,,,0,SP.POP.TOTL,"Population, total",CL,Chile
CHL,1990,13437176,,,0,SP.POP.TOTL,"Population, total",CL,Chile
CHL,1989,13215005,,,0,SP.POP.TOTL,"Population, total",CL,Chile
CHL,1988,12999424,,,0,SP.POP.TOTL,"Population, total",CL,Chile
CHL,1987,12790150,,,0,SP.POP.TOTL,"Population, total",CL,Chile
CHL,1986,12588914,,,0,SP.POP.TOTL,"Population, total",CL,Chile
CHL,1985,12395274,,,0,SP.POP.TOTL,"Population, total",CL,Chile
CHL,1984,12207733,,,0,SP.POP.TOTL,"Population, total",CL,Chile
CHL,1983,12026138,,,0,SP.POP.TOTL,"Population, total",CL,Chile
CHL,1982,11850214,,,0,SP.POP.TOTL,"Population, total",CL,Chile
CHL,1981,11678717,,,0,SP.POP.TOTL,"Population, total",CL,Chile
CHL,1980,11508550,,,0,SP.POP.TOTL,"Population, total",CL,Chile
CHL,1979,11339779,,,0,SP.POP.TOTL,"Population, total",CL,Chile
CHL,1978,11172695,,,0,SP.POP.TOTL,"Population, total",CL,Chile
CHL,1977,11005519,,,0,SP.POP.TOTL,"Population, total",CL,Chile
CHL,1976,10838251,,,0,SP.POP.TOTL,"Population, total",CL,Chile
CHL,1975,10671559,,,0,SP.POP.TOTL,"Population, total",CL,Chile
CHL,1974,10505817,,,0,SP.POP.TOTL,"Population, total",CL,Chile
CHL,1973,10340362,,,0,SP.POP.TOTL,"Population, total",CL,Chile
CHL,1972,10174678,,,0,SP.POP.TOTL,"Population, total",CL,Chile
CHL,1971,10009701,,,0,SP.POP.TOTL,"Population, total",CL,Chile
CHL,1970,9845344,,,0,SP.POP.TOTL,"Population, total",CL,Chile
CHL,1969,9680282,,,0,SP.POP.TOTL,"Population, total",CL,Chile
CHL,1968,9514716,,,0,SP.POP.TOTL,"Population, total",CL,Chile
CHL,1967,9348939,,,0,SP.POP.TOTL,"Population, total",CL,Chile
CHL,1966,9181722,,,0,SP.POP.TOTL,"Population, total",CL,Chile
CHL,1965,9012938,,,0,SP.POP.TOTL,"Population, total",CL,Chile
CHL,1964,8842525,,,0,SP.POP.TOTL,"Population, total",CL,Chile
CHL,1963,8670144,,,0,SP.POP.TOTL,"Population, total",CL,Chile
CHL,1962,8497059,,,0,SP.POP.TOTL,"Population, total",CL,Chile
CHL,1961,8324802,,,0,SP.POP.TOTL,"Population, total",CL,Chile
CHL,1960,8153350,,,0,SP.POP.TOTL,"Population, total",CL,Chile
DEU,2014,80982500,,,0,SP.POP.TOTL,"Population, total",DE,Germany
DEU,2013,80645605,,,0,SP.POP.TOTL,"Population, total",DE,Germany
DEU,2012,80425823,,,0,SP.POP.TOTL,"Population, total",DE,Germany
DEU,2011,80274983,,,0,SP.POP.TOTL,"Population, total",DE,Germany
DEU,2010,81776930,,,0,SP.POP.TOTL,"Population, total",DE,Germany
DEU,2009,81902307,,,0,SP.POP.TOTL,"Population, total",DE,Germany
DEU,2008,82110097,,,0,SP.POP.TOTL,"Population, total",DE,Germany
DEU,2007,82266372,,,0,SP.POP.TOTL,"Population, total",DE,Germany
DEU,2006,82376451,,,0,SP.POP.TOTL,"Population, total",DE,Germany
DEU,2005,82469422,,,0,SP.POP.TOTL,"Population, total",DE,Germany
DEU,2004,82516260,,,0,SP.POP.TOTL,"Population, total",DE,Germany
DEU,2003,82534176,,,0,SP.POP.TOTL,"Population, total",DE,Germany
DEU,2002,82488495,,,0,SP.POP.TOTL,"Population, total",DE,Germany
DEU,2001,82349925,,,0,SP.POP.TOTL,"Population, total",DE,Germany
DEU,2000,82211508,,,0,SP.POP.TOTL,"Population, total",DE,Germany
DEU,1999,82100243,,,0,SP.POP.TOTL,"Population, total",DE,Germany
DEU,1998,82047195,,,0,SP.POP.TOTL,"Population, total",DE,Germany
DEU,1997,82034771,,,0,SP.POP.TOTL,"Population, total",DE,Germany
DEU,1996,81914831,,,0,SP.POP.TOTL,"Population, total",DE,Germany
DEU,1995,81678051,,,0,SP.POP.TOTL,"Population, total",DE,Germany
DEU,1994,81438348,,,0,SP.POP.TOTL,"Population, total",DE,Germany
DEU,1993,81156363,,,0,SP.POP.TOTL,"Population, total",DE,Germany
DEU,1992,80624598,,,0,SP.POP.TOTL,"Population, total",DE,Germany
DEU,1991,80013896,,,0,SP.POP.TOTL,"Population, total",DE,Germany
DEU,1990,79433029,,,0,SP.POP.TOTL,"Population, total",DE,Germany
DEU,1989,78751283,,,0,SP.POP.TOTL,"Population, total",DE,Germany
DEU,1988,78144619,,,0,SP.POP.TOTL,"Population, total",DE,Germany
DEU,1987,77839920,,,0,SP.POP.TOTL,"Population, total",DE,Germany
DEU,1986,77720436,,,0,SP.POP.TOTL,"Population, total",DE,Germany
DEU,1985,77684873,,,0,SP.POP.TOTL,"Population, total",DE,Germany
DEU,1984,77858685,,,0,SP.POP.TOTL,"Population, total",DE,Germany
DEU,1983,78128282,,,0,SP.POP.TOTL,"Population, total",DE,Germany
DEU,1982,78333366,,,0,SP.POP.TOTL,"Population, total",DE,Germany
DEU,1981,78407907,,,0,SP.POP.TOTL,"Population, total",DE,Germany
DEU,1980,78288576,,,0,SP.POP.TOTL,"Population, total",DE,Germany
DEU,1979,78126350,,,0,SP.POP.TOTL,"Population, total",DE,Germany
DEU,1978,78091820,,,0,SP.POP.TOTL,"Population, total",DE,Germany
DEU,1977,78159814,,,0,SP.POP.TOTL,"Population, total",DE,Germany
DEU,1976,78336950,,,0,SP.POP.TOTL,"Population, total",DE,Germany
DEU,1975,78673554,,,0,SP.POP.TOTL,"Population, total",DE,Germany
DEU,1974,78967433,,,0,SP.POP.TOTL,"Population, total",DE,Germany
DEU,1973,78936666,,,0,SP.POP.TOTL,"Population, total",DE,Germany
DEU,1972,78688452,,,0,SP.POP.TOTL,"Population, total",DE,Germany
DEU,1971,78312842,,,0,SP.POP.TOTL,"Population, total",DE,Germany
DEU,1970,78169289,,,0,SP.POP.TOTL,"Population, total",DE,Germany
DEU,1969,77909682,,,0,SP.POP.TOTL,"Population, total",DE,Germany
DEU,1968,77294314,,,0,SP.POP.TOTL,"Population, total",DE,Germany
DEU,1967,76951336,,,0,SP.POP.TOTL,"Population, total",DE,Germany
DEU,1966,76600311,,,0,SP.POP.TOTL,"Population, total",DE,Germany
DEU,1965,75963695,,,0,SP.POP.TOTL,"Population, total",DE,Germany
DEU,1964,75318337,,,0,SP.POP.TOTL,"Population, total",DE,Germany
DEU,1963,74714353,,,0,SP.POP.TOTL,"Population, total",DE,Germany
DEU,1962,74025784,,,0,SP.POP.TOTL,"Population, total",DE,Germany
DEU,1961,73377632,,,0,SP.POP.TOTL,"Population, total",DE,Germany
DEU,1960,72814900,,,0,SP.POP.TOTL,"Population, total",DE,Germany
FRA,2014,66312067,,,0,SP.POP.TOTL,"Population, total",FR,France
FRA,2013,65997932,,,0,SP.POP.TOTL,"Population, total",FR,France
FRA,2012,65657659,,,0,SP.POP.TOTL,"Population, total",FR,France
FRA,2011,65340830,,,0,SP.POP.TOTL,"Population, total",FR,France
FRA,2010,65026211,,,0,SP.POP.TOTL,"Population, total",FR,France
FRA,2009,64706436,,,0,SP.POP.TOTL,"Population, total",FR,France
FRA,2008,64375116,,,0,SP.POP.TOTL,"Population, total",FR,France
FRA,2007,64016890,,,0,SP.POP.TOTL,"Population, total",FR,France
FRA,2006,63622342,,,0,SP.POP.TOTL,"Population, total",FR,France
FRA,2005,63180854,,,0,SP.POP.TOTL,"Population, total",FR,France
FRA,2004,62707588,,,0,SP.POP.TOTL,"Population, total",FR,France
FRA,2003,62249855,,,0,SP.POP.TOTL,"Population, total",FR,France
FRA,2002,61812142,,,0,SP.POP.TOTL,"Population, total",FR,France
FRA,2001,61364377,,,0,SP.POP.TOTL,"Population, total",FR,France
FRA,2000,60918661,,,0,SP.POP.TOTL,"Population, total",FR,France
FRA,1999,60501986,,,0,SP.POP.TOTL,"Population, total",FR,France
FRA,1998,60190684,,,0,SP.POP.TOTL,"Population, total",FR,France
FRA,1997,59968066,,,0,SP.POP.TOTL,"Population, total",FR,France
FRA,1996,59754504,,,0,SP.POP.TOTL,"Population, total",FR,France
FRA,1995,59541294,,,0,SP.POP.TOTL,"Population, total",FR,France
FRA,1994,59324863,,,0,SP.POP.TOTL,"Population, total",FR,France
FRA,1993,59103094,,,0,SP.POP.TOTL,"Population, total",FR,France
FRA,1992,58846584,,,0,SP.POP.TOTL,"Population, total",FR,France
FRA,1991,58554242,,,0,SP.POP.TOTL,"Population, total",FR,France
FRA,1990,58261012,,,0,SP.POP.TOTL,"Population, total",FR,France
FRA,1989,57943062,,,0,SP.POP.TOTL,"Population, total",FR,France
FRA,1988,57598186,,,0,SP.POP.TOTL,"Population, total",FR,France
FRA,1987,57266167,,,0,SP.POP.TOTL,"Population, total",FR,France
FRA,1986,56956002,,,0,SP.POP.TOTL,"Population, total",FR,France
FRA,1985,56665619,,,0,SP.POP.TOTL,"Population, total",FR,France
FRA,1984,56383085,,,0,SP.POP.TOTL,"Population, total",FR,France
FRA,1983,56108330,,,0,SP.POP.TOTL,"Population, total",FR,France
FRA,1982,55806789,,,0,SP.POP.TOTL,"Population, total",FR,France
FRA,1981,55603353,,,0,SP.POP.TOTL,"Population, total",FR,France
FRA,1980,55274184,,,0,SP.POP.TOTL,"Population, total",FR,France
FRA,1979,54979851,,,0,SP.POP.TOTL,"Population, total",FR,France
FRA,1978,54734030,,,0,SP.POP.TOTL,"Population, total",FR,France
FRA,1977,54486467,,,0,SP.POP.TOTL,"Population, total",FR,France
FRA,1976,54232383,,,0,SP.POP.TOTL,"Population, total",FR,France
FRA,1975,54002853,,,0,SP.POP.TOTL,"Population, total",FR,France
FRA,1974,53746571,,,0,SP.POP.TOTL,"Population, total",FR,France
FRA,1973,53392161,,,0,SP.POP.TOTL,"Population, total",FR,France
FRA,1972,52962356,,,0,SP.POP.TOTL,"Population, total",FR,France
FRA,1971,52499553,,,0,SP.POP.TOTL,"Population, total",FR,France
FRA,1970,52007169,,,0,SP.POP.TOTL,"Population, total",FR,France
FRA,1969,51536014,,,0,SP.POP.TOTL,"Population, total",FR,France
FRA,1968,51112980,,,0,SP.POP.TOTL,"Population, total",FR,France
FRA,1967,50722791,,,0,SP.POP.TOTL,"Population, total",FR,France
FRA,1966,50311637,,,0,SP.POP.TOTL,"Population, total",FR,France
FRA,1965,49877725,,,0,SP.POP.TOTL,"Population, total",FR,France
FRA,1964,49401492,,,0,SP.POP.TOTL,"Population, total",FR,France
FRA,1963,48877567,,,0,SP.POP.TOTL,"Population, total",FR,France
FRA,1962,48389516,,,0,SP.POP.TOTL,"Population, total",FR,France
FRA,1961,47905982,,,0,SP.POP.TOTL,"Population, total",FR,France
FRA,1960,47412964,,,0,SP.POP.TOTL,"Population, total",FR,France
GBR,2014,64620000,,,0,SP.POP.TOTL,"Population, total",GB,United Kingdom
GBR,2013,64139000,,,0,SP.POP.TOTL,"Population, total",GB,United Kingdom
GBR,2012,63711000,,,0,SP.POP.TOTL,"Population, total",GB,United Kingdom
GBR,2011,63258810,,,0,SP.POP.TOTL,"Population, total",GB,United Kingdom
GBR,2010,62766365,,,0,SP.POP.TOTL,"Population, total",GB,United Kingdom
GBR,2009,62276270,,,0,SP.POP.TOTL,"Population, total",GB,United Kingdom
GBR,2008,61806995,,,0,SP.POP.TOTL,"Population, total",GB,United Kingdom
GBR,2007,61322463,,,0,SP.POP.TOTL,"Population, total",GB,United Kingdom
GBR,2006,60846820,,,0,SP.POP.TOTL,"Population, total",GB,United Kingdom
GBR,2005,60401206,,,0,SP.POP.TOTL,"Population, total",GB,United Kingdom
GBR,2004,59987905,,,0,SP.POP.TOTL,"Population, total",GB,United Kingdom
GBR,2003,59647577,,,0,SP.POP.TOTL,"Population, total",GB,United Kingdom
GBR,2002,59370479,,,0,SP.POP.TOTL,"Population, total",GB,United Kingdom
GBR,2001,59119673,,,0,SP.POP.TOTL,"Population, total",GB,United Kingdom
GBR,2000,58892514,,,0,SP.POP.TOTL,"Population, total",GB,United Kingdom
GBR,1999,58682466,,,0,SP.POP.TOTL,"Population, total",GB,United Kingdom
GBR,1998,58487141,,,0,SP.POP.TOTL,"Population, total",GB,United Kingdom
GBR,1997,58316954,,,0,SP.POP.TOTL,"Population, total",GB,United Kingdom
GBR,1996,58166950,,,0,SP.POP.TOTL,"Population, total",GB,United Kingdom
GBR,1995,58019030,,,0,SP.POP.TOTL,"Population, total",GB,United Kingdom
GBR,1994,57865745,,,0,SP.POP.TOTL,"Population, total",GB,United Kingdom
GBR,1993,57718614,,,0,SP.POP.TOTL,"Population, total",GB,United Kingdom
GBR,1992,57580402,,,0,SP.POP.TOTL,"Population, total",GB,United Kingdom
GBR,1991,57424897,,,0,SP.POP.TOTL,"Population, total",GB,United Kingdom
GBR,1990,57247586,,,0,SP.POP.TOTL,"Population, total",GB,United Kingdom
GBR,1989,57076711,,,0,SP.POP.TOTL,"Population, total",GB,United Kingdom
GBR,1988,56928327,,,0,SP.POP.TOTL,"Population, total",GB,United Kingdom
GBR,1987,56802050,,,0,SP.POP.TOTL,"Population, total",GB,United Kingdom
GBR,1986,56681396,,,0,SP.POP.TOTL,"Population, total",GB,United Kingdom
GBR,1985,56550268,,,0,SP.POP.TOTL,"Population, total",GB,United Kingdom
GBR,1984,56422072,,,0,SP.POP.TOTL,"Population, total",GB,United Kingdom
GBR,1983,56332848,,,0,SP.POP.TOTL,"Population, total",GB,United Kingdom
GBR,1982,56313641,,,0,SP.POP.TOTL,"Population, total",GB,United Kingdom
GBR,1981,56333829,,,0,SP.POP.TOTL,"Population, total",GB,United Kingdom
GBR,1980,56314216,,,0,SP.POP.TOTL,"Population, total",GB,United Kingdom
GBR,1979,56246951,,,0,SP.POP.TOTL,"Population, total",GB,United Kingdom
GBR,1978,56196504,,,0,SP.POP.TOTL,"Population, total",GB,United Kingdom
GBR,1977,56193492,,,0,SP.POP.TOTL,"Population, total",GB,United Kingdom
GBR,1976,56211968,,,0,SP.POP.TOTL,"Population, total",GB,United Kingdom
GBR,1975,56225800,,,0,SP.POP.TOTL,"Population, total",GB,United Kingdom
GBR,1974,56229974,,,0,SP.POP.TOTL,"Population, total",GB,United Kingdom
GBR,1973,56194527,,,0,SP.POP.TOTL,"Population, total",GB,United Kingdom
GBR,1972,56086065,,,0,SP.POP.TOTL,"Population, total",GB,United Kingdom
GBR,1971,55896223,,,0,SP.POP.TOTL,"Population, total",GB,United Kingdom
GBR,1970,55663250,,,0,SP.POP.TOTL,"Population, total",GB,United Kingdom
GBR,1969,55441750,,,0,SP.POP.TOTL,"Population, total",GB,United Kingdom
GBR,1968,55211700,,,0,SP.POP.TOTL,"Population, total",GB,United Kingdom
GBR,1967,54943600,,,0,SP.POP.TOTL,"Population, total",GB,United Kingdom
GBR,1966,54648500,,,0,SP.POP.TOTL,"Population, total",GB,United Kingdom
GBR,1965,54348050,,,0,SP.POP.TOTL,"Population, total",GB,United Kingdom
GBR,1964,54000000,,,0,SP.POP.TOTL,"Population, total",GB,United Kingdom
GBR,1963,53650000,,,0,SP.POP.TOTL,"Population, total",GB,United Kingdom
GBR,1962,53250000,,,0,SP.POP.TOTL,"Population, total",GB,United Kingdom
GBR,1961,52800000,,,0,SP.POP.TOTL,"Population, total",GB,United Kingdom
GBR,1960,52400000,,,0,SP.POP.TOTL,"Population, total",GB,United Kingdom
HRV,2014,4201598,,,0,SP.POP.TOTL,"Population, total",HR,Croatia
HRV,2013,4233922,,,0,SP.POP.TOTL,"Population, total",HR,Croatia
HRV,2012,4260368,,,0,SP.POP.TOTL,"Population, total",HR,Croatia
HRV,2011,4280622,,,0,SP.POP.TOTL,"Population, total",HR,Croatia
HRV,2010,4295427,,,0,SP.POP.TOTL,"Population, total",HR,Croatia
HRV,2009,4305181,,,0,SP.POP.TOTL,"Population, total",HR,Croatia
HRV,2008,4309705,,,0,SP.POP.TOTL,"Population, total",HR,Croatia
HRV,2007,4310217,,,0,SP.POP.TOTL,"Population, total",HR,Croatia
HRV,2006,4311159,,,0,SP.POP.TOTL,"Population, total",HR,Croatia
HRV,2005,4310145,,,0,SP.POP.TOTL,"Population, total",HR,Croatia
HRV,2004,4304600,,,0,SP.POP.TOTL,"Population, total",HR,Croatia
HRV,2003,4303399,,,0,SP.POP.TOTL,"Population, total",HR,Croatia
HRV,2002,4302174,,,0,SP.POP.TOTL,"Population, total",HR,Croatia
HRV,2001,4299642,,,0,SP.POP.TOTL,"Population, total",HR,Croatia
HRV,2000,4468302,,,0,SP.POP.TOTL,"Population, total",HR,Croatia
HRV,1999,4512597,,,0,SP.POP.TOTL,"Population, total",HR,Croatia
HRV,1998,4532135,,,0,SP.POP.TOTL,"Population, total",HR,Croatia
HRV,1997,4534920,,,0,SP.POP.TOTL,"Population, total",HR,Croatia
HRV,1996,4557097,,,0,SP.POP.TOTL,"Population, total",HR,Croatia
HRV,1995,4620030,,,0,SP.POP.TOTL,"Population, total",HR,Croatia
HRV,1994,4652024,,,0,SP.POP.TOTL,"Population, total",HR,Croatia
HRV,1993,4600463,,,0,SP.POP.TOTL,"Population, total",HR,Croatia
HRV,1992,4575818,,,0,SP.POP.TOTL,"Population, total",HR,Croatia
HRV,1991,4689022,,,0,SP.POP.TOTL,"Population, total",HR,Croatia
HRV,1990,4777368,,,0,SP.POP.TOTL,"Population, total",HR,Croatia
HRV,1989,4767260,,,0,SP.POP.TOTL,"Population, total",HR,Croatia
HRV,1988,4755207,,,0,SP.POP.TOTL,"Population, total",HR,Croatia
HRV,1987,4739745,,,0,SP.POP.TOTL,"Population, total",HR,Croatia
HRV,1986,4721446,,,0,SP.POP.TOTL,"Population, total",HR,Croatia
HRV,1985,4701417,,,0,SP.POP.TOTL,"Population, total",HR,Croatia
HRV,1984,4680285,,,0,SP.POP.TOTL,"Population, total",HR,Croatia
HRV,1983,4658254,,,0,SP.POP.TOTL,"Population, total",HR,Croatia
HRV,1982,4634234,,,0,SP.POP.TOTL,"Population, total",HR,Croatia
HRV,1981,4611509,,,0,SP.POP.TOTL,"Population, total",HR,Croatia
HRV,1980,4599782,,,0,SP.POP.TOTL,"Population, total",HR,Croatia
HRV,1979,4594778,,,0,SP.POP.TOTL,"Population, total",HR,Croatia
HRV,1978,4581085,,,0,SP.POP.TOTL,"Population, total",HR,Croatia
HRV,1977,4559571,,,0,SP.POP.TOTL,"Population, total",HR,Croatia
HRV,1976,4535934,,,0,SP.POP.TOTL,"Population, total",HR,Croatia
HRV,1975,4512082,,,0,SP.POP.TOTL,"Population, total",HR,Croatia
HRV,1974,4490660,,,0,SP.POP.TOTL,"Population, total",HR,Croatia
HRV,1973,4470161,,,0,SP.POP.TOTL,"Population, total",HR,Croatia
HRV,1972,4450564,,,0,SP.POP.TOTL,"Population, total",HR,Croatia
HRV,1971,4431275,,,0,SP.POP.TOTL,"Population, total",HR,Croatia
HRV,1970,4412252,,,0,SP.POP.TOTL,"Population, total",HR,Croatia
HRV,1969,4391490,,,0,SP.POP.TOTL,"Population, total",HR,Croatia
HRV,1968,4365628,,,0,SP.POP.TOTL,"Population, total",HR,Croatia
HRV,1967,4338683,,,0,SP.POP.TOTL,"Population, total",HR,Croatia
HRV,1966,4310701,,,0,SP.POP.TOTL,"Population, total",HR,Croatia
HRV,1965,4280923,,,0,SP.POP.TOTL,"Population, total",HR,Croatia
HRV,1964,4252876,,,0,SP.POP.TOTL,"Population, total",HR,Croatia
HRV,1963,4225675,,,0,SP.POP.TOTL,"Population, total",HR,Croatia
HRV,1962,4196712,,,0,SP.POP.TOTL,"Population, total",HR,Croatia
HRV,1961,4167292,,,0,SP.POP.TOTL,"Population, total",HR,Croatia
HRV,1960,4140181,,,0,SP.POP.TOTL,"Population, total",HR,Croatia
HUN,2014,9833038,,,0,SP.POP.TOTL,"Population, total",HU,Hungary
HUN,2013,9872734,,,0,SP.POP.TOTL,"Population, total",HU,Hungary
HUN,2012,9920362,,,0,SP.POP.TOTL,"Population, total",HU,Hungary
HUN,2011,9971727,,,0,SP.POP.TOTL,"Population, total",HU,Hungary
HUN,2010,10000023,,,0,SP.POP.TOTL,"Population, total",HU,Hungary
HUN,2009,10022650,,,0,SP.POP.TOTL,"Population, total",HU,Hungary
HUN,2008,10038188,,,0,SP.POP.TOTL,"Population, total",HU,Hungary
HUN,2007,10055780,,,0,SP.POP.TOTL,"Population, total",HU,Hungary
HUN,2006,10071370,,,0,SP.POP.TOTL,"Population, total",HU,Hungary
HUN,2005,10087065,,,0,SP.POP.TOTL,"Population, total",HU,Hungary
HUN,2004,10107146,,,0,SP.POP.TOTL,"Population, total",HU,Hungary
HUN,2003,10129552,,,0,SP.POP.TOTL,"Population, total",HU,Hungary
HUN,2002,10158608,,,0,SP.POP.TOTL,"Population, total",HU,Hungary
HUN,2001,10187576,,,0,SP.POP.TOTL,"Population, total",HU,Hungary
HUN,2000,10210971,,,0,SP.POP.TOTL,"Population, total",HU,Hungary
HUN,1999,10237530,,,0,SP.POP.TOTL,"Population, total",HU,Hungary
HUN,1998,10266570,,,0,SP.POP.TOTL,"Population, total",HU,Hungary
HUN,1997,10290486,,,0,SP.POP.TOTL,"Population, total",HU,Hungary
HUN,1996,10311238,,,0,SP.POP.TOTL,"Population, total",HU,Hungary
HUN,1995,10328965,,,0,SP.POP.TOTL,"Population, total",HU,Hungary
HUN,1994,10343355,,,0,SP.POP.TOTL,"Population, total",HU,Hungary
HUN,1993,10357523,,,0,SP.POP.TOTL,"Population, total",HU,Hungary
HUN,1992,10369341,,,0,SP.POP.TOTL,"Population, total",HU,Hungary
HUN,1991,10373400,,,0,SP.POP.TOTL,"Population, total",HU,Hungary
HUN,1990,10373988,,,0,SP.POP.TOTL,"Population, total",HU,Hungary
HUN,1989,10481719,,,0,SP.POP.TOTL,"Population, total",HU,Hungary
HUN,1988,10596487,,,0,SP.POP.TOTL,"Population, total",HU,Hungary
HUN,1987,10612741,,,0,SP.POP.TOTL,"Population, total",HU,Hungary
HUN,1986,10630564,,,0,SP.POP.TOTL,"Population, total",HU,Hungary
HUN,1985,10648713,,,0,SP.POP.TOTL,"Population, total",HU,Hungary
HUN,1984,10668095,,,0,SP.POP.TOTL,"Population, total",HU,Hungary
HUN,1983,10689463,,,0,SP.POP.TOTL,"Population, total",HU,Hungary
HUN,1982,10705535,,,0,SP.POP.TOTL,"Population, total",HU,Hungary
HUN,1981,10711848,,,0,SP.POP.TOTL,"Population, total",HU,Hungary
HUN,1980,10711122,,,0,SP.POP.TOTL,"Population, total",HU,Hungary
HUN,1979,10704152,,,0,SP.POP.TOTL,"Population, total",HU,Hungary
HUN,1978,10684822,,,0,SP.POP.TOTL,"Population, total",HU,Hungary
HUN,1977,10648031,,,0,SP.POP.TOTL,"Population, total",HU,Hungary
HUN,1976,10598677,,,0,SP.POP.TOTL,"Population, total",HU,Hungary
HUN,1975,10540525,,,0,SP.POP.TOTL,"Population, total",HU,Hungary
HUN,1974,10478720,,,0,SP.POP.TOTL,"Population, total",HU,Hungary
HUN,1973,10432055,,,0,SP.POP.TOTL,"Population, total",HU,Hungary
HUN,1972,10398489,,,0,SP.POP.TOTL,"Population, total",HU,Hungary
HUN,1971,10367537,,,0,SP.POP.TOTL,"Population, total",HU,Hungary
HUN,1970,10337910,,,0,SP.POP.TOTL,"Population, total",HU,Hungary
HUN,1969,10298723,,,0,SP.POP.TOTL,"Population, total",HU,Hungary
HUN,1968,10255815,,,0,SP.POP.TOTL,"Population, total",HU,Hungary
HUN,1967,10216604,,,0,SP.POP.TOTL,"Population, total",HU,Hungary
HUN,1966,10178653,,,0,SP.POP.TOTL,"Population, total",HU,Hungary
HUN,1965,10147935,,,0,SP.POP.TOTL,"Population, total",HU,Hungary
HUN,1964,10119835,,,0,SP.POP.TOTL,"Population, total",HU,Hungary
HUN,1963,10087947,,,0,SP.POP.TOTL,"Population, total",HU,Hungary
HUN,1962,10060825,,,0,SP.POP.TOTL,"Population, total",HU,Hungary
HUN,1961,10027958,,,0,SP.POP.TOTL,"Population, total",HU,Hungary
HUN,1960,9983512,,,0,SP.POP.TOTL,"Population, total",HU,Hungary
ITA,2014,60320707,,,0,SP.POP.TOTL,"Population, total",IT,Italy
ITA,2013,60311613,,,0,SP.POP.TOTL,"Population, total",IT,Italy
ITA,2012,60191247,,,0,SP.POP.TOTL,"Population, total",IT,Italy
ITA,2011,60026841,,,0,SP.POP.TOTL,"Population, total",IT,Italy
ITA,2010,59819407,,,0,SP.POP.TOTL,"Population, total",IT,Italy
ITA,2009,59555454,,,0,SP.POP.TOTL,"Population, total",IT,Italy
ITA,2008,59211181,,,0,SP.POP.TOTL,"Population, total",IT,Italy
ITA,2007,58756247,,,0,SP.POP.TOTL,"Population, total",IT,Italy
ITA,2006,58399861,,,0,SP.POP.TOTL,"Population, total",IT,Italy
ITA,2005,58166682,,,0,SP.POP.TOTL,"Population, total",IT,Italy
ITA,2004,57828179,,,0,SP.POP.TOTL,"Population, total",IT,Italy
ITA,2003,57399184,,,0,SP.POP.TOTL,"Population, total",IT,Italy
ITA,2002,57089824,,,0,SP.POP.TOTL,"Population, total",IT,Italy
ITA,2001,56976981,,,0,SP.POP.TOTL,"Population, total",IT,Italy
ITA,2000,56942108,,,0,SP.POP.TOTL,"Population, total",IT,Italy
ITA,1999,56916317,,,0,SP.POP.TOTL,"Population, total",IT,Italy
ITA,1998,56906744,,,0,SP.POP.TOTL,"Population, total",IT,Italy
ITA,1997,56890372,,,0,SP.POP.TOTL,"Population, total",IT,Italy
ITA,1996,56860281,,,0,SP.POP.TOTL,"Population, total",IT,Italy
ITA,1995,56844303,,,0,SP.POP.TOTL,"Population, total",IT,Italy
ITA,1994,56843400,,,0,SP.POP.TOTL,"Population, total",IT,Italy
ITA,1993,56831821,,,0,SP.POP.TOTL,"Population, total",IT,Italy
ITA,1992,56797087,,,0,SP.POP.TOTL,"Population, total",IT,Italy
ITA,1991,56758521,,,0,SP.POP.TOTL,"Population, total",IT,Italy
ITA,1990,56719240,,,0,SP.POP.TOTL,"Population, total",IT,Italy
ITA,1989,56671781,,,0,SP.POP.TOTL,"Population, total",IT,Italy
ITA,1988,56629288,,,0,SP.POP.TOTL,"Population, total",IT,Italy
ITA,1987,56601931,,,0,SP.POP.TOTL,"Population, total",IT,Italy
ITA,1986,56596155,,,0,SP.POP.TOTL,"Population, total",IT,Italy
ITA,1985,56593071,,,0,SP.POP.TOTL,"Population, total",IT,Italy
ITA,1984,56576718,,,0,SP.POP.TOTL,"Population, total",IT,Italy
ITA,1983,56564074,,,0,SP.POP.TOTL,"Population, total",IT,Italy
ITA,1982,56543548,,,0,SP.POP.TOTL,"Population, total",IT,Italy
ITA,1981,56501675,,,0,SP.POP.TOTL,"Population, total",IT,Italy
ITA,1980,56433883,,,0,SP.POP.TOTL,"Population, total",IT,Italy
ITA,1979,56317749,,,0,SP.POP.TOTL,"Population, total",IT,Italy
ITA,1978,56155143,,,0,SP.POP.TOTL,"Population, total",IT,Italy
ITA,1977,55955411,,,0,SP.POP.TOTL,"Population, total",IT,Italy
ITA,1976,55718260,,,0,SP.POP.TOTL,"Population, total",IT,Italy
ITA,1975,55441001,,,0,SP.POP.TOTL,"Population, total",IT,Italy
ITA,1974,55110868,,,0,SP.POP.TOTL,"Population, total",IT,Italy
ITA,1973,54751406,,,0,SP.POP.TOTL,"Population, total",IT,Italy
ITA,1972,54381345,,,0,SP.POP.TOTL,"Population, total",IT,Italy
ITA,1971,54073490,,,0,SP.POP.TOTL,"Population, total",IT,Italy
ITA,1970,53821850,,,0,SP.POP.TOTL,"Population, total",IT,Italy
ITA,1969,53537950,,,0,SP.POP.TOTL,"Population, total",IT,Italy
ITA,1968,53235750,,,0,SP.POP.TOTL,"Population, total",IT,Italy
ITA,1967,52900500,,,0,SP.POP.TOTL,"Population, total",IT,Italy
ITA,1966,52519000,,,0,SP.POP.TOTL,"Population, total",IT,Italy
ITA,1965,52112350,,,0,SP.POP.TOTL,"Population, total",IT,Italy
ITA,1964,51675350,,,0,SP.POP.TOTL,"Population, total",IT,Italy
ITA,1963,51252000,,,0,SP.POP.TOTL,"Population, total",IT,Italy
ITA,1962,50879450,,,0,SP.POP.TOTL,"Population, total",IT,Italy
ITA,1961,50536350,,,0,SP.POP.TOTL,"Population, total",IT,Italy
ITA,1960,50199700,,,0,SP.POP.TOTL,"Population, total",IT,Italy
NLD,2014,16865008,,,0,SP.POP.TOTL,"Population, total",NL,Netherlands
NLD,2013,16804432,,,0,SP.POP.TOTL,"Population, total",NL,Netherlands
NLD,2012,16754962,,,0,SP.POP.TOTL,"Population, total",NL,Netherlands
NLD,2011,16693074,,,0,SP.POP.TOTL,"Population, total",NL,Netherlands
NLD,2010,16615394,,,0,SP.POP.TOTL,"Population, total",NL,Netherlands
NLD,2009,16530388,,,0,SP.POP.TOTL,"Population, total",NL,Netherlands
NLD,2008,16445593,,,0,SP.POP.TOTL,"Population, total",NL,Netherlands
NLD,2007,16381696,,,0,SP.POP.TOTL,"Population, total",NL,Netherlands
NLD,2006,16346101,,,0,SP.POP.TOTL,"Population, total",NL,Netherlands
NLD,2005,16319868,,,0,SP.POP.TOTL,"Population, total",NL,Netherlands
NLD,2004,16281779,,,0,SP.POP.TOTL,"Population, total",NL,Netherlands
NLD,2003,16225302,,,0,SP.POP.TOTL,"Population, total",NL,Netherlands
NLD,2002,16148929,,,0,SP.POP.TOTL,"Population, total",NL,Netherlands
NLD,2001,16046180,,,0,SP.POP.TOTL,"Population, total",NL,Netherlands
NLD,2000,15925513,,,0,SP.POP.TOTL,"Population, total",NL,Netherlands
NLD,1999,15812088,,,0,SP.POP.TOTL,"Population, total",NL,Netherlands
NLD,1998,15707209,,,0,SP.POP.TOTL,"Population, total",NL,Netherlands
NLD,1997,15610650,,,0,SP.POP.TOTL,"Population, total",NL,Netherlands
NLD,1996,15530498,,,0,SP.POP.TOTL,"Population, total",NL,Netherlands
NLD,1995,15459006,,,0,SP.POP.TOTL,"Population, total",NL,Netherlands
NLD,1994,15382838,,,0,SP.POP.TOTL,"Population, total",NL,Netherlands
NLD,1993,15290368,,,0,SP.POP.TOTL,"Population, total",NL,Netherlands
NLD,1992,15184166,,,0,SP.POP.TOTL,"Population, total",NL,Netherlands
NLD,1991,15069798,,,0,SP.POP.TOTL,"Population, total",NL,Netherlands
NLD,1990,14951510,,,0,SP.POP.TOTL,"Population, total",NL,Netherlands
NLD,1989,14848907,,,0,SP.POP.TOTL,"Population, total",NL,Netherlands
NLD,1988,14760094,,,0,SP.POP.TOTL,"Population, total",NL,Netherlands
NLD,1987,14665037,,,0,SP.POP.TOTL,"Population, total",NL,Netherlands
NLD,1986,14572278,,,0,SP.POP.TOTL,"Population, total",NL,Netherlands
NLD,1985,14491632,,,0,SP.POP.TOTL,"Population, total",NL,Netherlands
NLD,1984,14424211,,,0,SP.POP.TOTL,"Population, total",NL,Netherlands
NLD,1983,14367070,,,0,SP.POP.TOTL,"Population, total",NL,Netherlands
NLD,1982,14312690,,,0,SP.POP.TOTL,"Population, total",NL,Netherlands
NLD,1981,14247208,,,0,SP.POP.TOTL,"Population, total",NL,Netherlands
NLD,1980,14149800,,,0,SP.POP.TOTL,"Population, total",NL,Netherlands
NLD,1979,14038270,,,0,SP.POP.TOTL,"Population, total",NL,Netherlands
NLD,1978,13941700,,,0,SP.POP.TOTL,"Population, total",NL,Netherlands
NLD,1977,13856185,,,0,SP.POP.TOTL,"Population, total",NL,Netherlands
NLD,1976,13774037,,,0,SP.POP.TOTL,"Population, total",NL,Netherlands
NLD,1975,13666335,,,0,SP.POP.TOTL,"Population, total",NL,Netherlands
NLD,1974,13545056,,,0,SP.POP.TOTL,"Population, total",NL,Netherlands
NLD,1973,13439322,,,0,SP.POP.TOTL,"Population, total",NL,Netherlands
NLD,1972,13328593,,,0,SP.POP.TOTL,"Population, total",NL,Netherlands
NLD,1971,13194497,,,0,SP.POP.TOTL,"Population, total",NL,Netherlands
NLD,1970,13038526,,,0,SP.POP.TOTL,"Population, total",NL,Netherlands
NLD,1969,12877984,,,0,SP.POP.TOTL,"Population, total",NL,Netherlands
NLD,1968,12729721,,,0,SP.POP.TOTL,"Population, total",NL,Netherlands
NLD,1967,12598201,,,0,SP.POP.TOTL,"Population, total",NL,Netherlands
NLD,1966,12456251,,,0,SP.POP.TOTL,"Population, total",NL,Netherlands
NLD,1965,12294732,,,0,SP.POP.TOTL,"Population, total",NL,Netherlands
NLD,1964,12127120,,,0,SP.POP.TOTL,"Population, total",NL,Netherlands
NLD,1963,11965966,,,0,SP.POP.TOTL,"Population, total",NL,Netherlands
NLD,1962,11805689,,,0,SP.POP.TOTL,"Population, total",NL,Netherlands
NLD,1961,11638712,,,0,SP.POP.TOTL,"Population, total",NL,Netherlands
NLD,1960,11486631,,,0,SP.POP.TOTL,"Population, total",NL,Netherlands
POL,2014,38011735,,,0,SP.POP.TOTL,"Population, total",PL,Poland
POL,2013,38040196,,,0,SP.POP.TOTL,"Population, total",PL,Poland
POL,2012,38063164,,,0,SP.POP.TOTL,"Population, total",PL,Poland
POL,2011,38063255,,,0,SP.POP.TOTL,"Population, total",PL,Poland
POL,2010,38042794,,,0,SP.POP.TOTL,"Population, total",PL,Poland
POL,2009,38151603,,,0,SP.POP.TOTL,"Population, total",PL,Poland
POL,2008,38125759,,,0,SP.POP.TOTL,"Population, total",PL,Poland
POL,2007,38120560,,,0,SP.POP.TOTL,"Population, total",PL,Poland
POL,2006,38141267,,,0,SP.POP.TOTL,"Population, total",PL,Poland
POL,2005,38165445,,,0,SP.POP.TOTL,"Population, total",PL,Poland
POL,2004,38182222,,,0,SP.POP.TOTL,"Population, total",PL,Poland
POL,2003,38204570,,,0,SP.POP.TOTL,"Population, total",PL,Poland
POL,2002,38230364,,,0,SP.POP.TOTL,"Population, total",PL,Poland
POL,2001,38248076,,,0,SP.POP.TOTL,"Population, total",PL,Poland
POL,2000,38258629,,,0,SP.POP.TOTL,"Population, total",PL,Poland
POL,1999,38660271,,,0,SP.POP.TOTL,"Population, total",PL,Poland
POL,1998,38663481,,,0,SP.POP.TOTL,"Population, total",PL,Poland
POL,1997,38649660,,,0,SP.POP.TOTL,"Population, total",PL,Poland
POL,1996,38624370,,,0,SP.POP.TOTL,"Population, total",PL,Poland
POL,1995,38594998,,,0,SP.POP.TOTL,"Population, total",PL,Poland
POL,1994,38542652,,,0,SP.POP.TOTL,"Population, total",PL,Poland
POL,1993,38461408,,,0,SP.POP.TOTL,"Population, total",PL,Poland
POL,1992,38363667,,,0,SP.POP.TOTL,"Population, total",PL,Poland
POL,1991,38246193,,,0,SP.POP.TOTL,"Population, total",PL,Poland
POL,1990,38110782,,,0,SP.POP.TOTL,"Population, total",PL,Poland
POL,1989,37961529,,,0,SP.POP.TOTL,"Population, total",PL,Poland
POL,1988,37824487,,,0,SP.POP.TOTL,"Population, total",PL,Poland
POL,1987,37668045,,,0,SP.POP.TOTL,"Population, total",PL,Poland
POL,1986,37456119,,,0,SP.POP.TOTL,"Population, total",PL,Poland
POL,1985,37201885,,,0,SP.POP.TOTL,"Population, total",PL,Poland
POL,1984,36904134,,,0,SP.POP.TOTL,"Population, total",PL,Poland
POL,1983,36571808,,,0,SP.POP.TOTL,"Population, total",PL,Poland
POL,1982,36230481,,,0,SP.POP.TOTL,"Population, total",PL,Poland
POL,1981,35898587,,,0,SP.POP.TOTL,"Population, total",PL,Poland
POL,1980,35574150,,,0,SP.POP.TOTL,"Population, total",PL,Poland
POL,1979,35247217,,,0,SP.POP.TOTL,"Population, total",PL,Poland
POL,1978,34965600,,,0,SP.POP.TOTL,"Population, total",PL,Poland
POL,1977,34689050,,,0,SP.POP.TOTL,"Population, total",PL,Poland
POL,1976,34356300,,,0,SP.POP.TOTL,"Population, total",PL,Poland
POL,1975,34015199,,,0,SP.POP.TOTL,"Population, total",PL,Poland
POL,1974,33678899,,,0,SP.POP.TOTL,"Population, total",PL,Poland
POL,1973,33357200,,,0,SP.POP.TOTL,"Population, total",PL,Poland
POL,1972,33055650,,,0,SP.POP.TOTL,"Population, total",PL,Poland
POL,1971,32783500,,,0,SP.POP.TOTL,"Population, total",PL,Poland
POL,1970,32664300,,,0,SP.POP.TOTL,"Population, total",PL,Poland
POL,1969,32548300,,,0,SP.POP.TOTL,"Population, total",PL,Poland
POL,1968,32294655,,,0,SP.POP.TOTL,"Population, total",PL,Poland
POL,1967,31987155,,,0,SP.POP.TOTL,"Population, total",PL,Poland
POL,1966,31681000,,,0,SP.POP.TOTL,"Population, total",PL,Poland
POL,1965,31444950,,,0,SP.POP.TOTL,"Population, total",PL,Poland
POL,1964,31139450,,,0,SP.POP.TOTL,"Population, total",PL,Poland
POL,1963,30712000,,,0,SP.POP.TOTL,"Population, total",PL,Poland
POL,1962,30308500,,,0,SP.POP.TOTL,"Population, total",PL,Poland
POL,1961,29964000,,,0,SP.POP.TOTL,"Population, total",PL,Poland
POL,1960,29637450,,,0,SP.POP.TOTL,"Population, total",PL,Poland
PRT,2014,10401062,,,0,SP.POP.TOTL,"Population, total",PT,Portugal
PRT,2013,10457295,,,0,SP.POP.TOTL,"Population, total",PT,Portugal
PRT,2012,10514844,,,0,SP.POP.TOTL,"Population, total",PT,Portugal
PRT,2011,10557560,,,0,SP.POP.TOTL,"Population, total",PT,Portugal
PRT,2010,10573100,,,0,SP.POP.TOTL,"Population, total",PT,Portugal
PRT,2009,10568247,,,0,SP.POP.TOTL,"Population, total",PT,Portugal
PRT,2008,10558177,,,0,SP.POP.TOTL,"Population, total",PT,Portugal
PRT,2007,10542964,,,0,SP.POP.TOTL,"Population, total",PT,Portugal
PRT,2006,10522288,,,0,SP.POP.TOTL,"Population, total",PT,Portugal
PRT,2005,10503330,,,0,SP.POP.TOTL,"Population, total",PT,Portugal
PRT,2004,10483861,,,0,SP.POP.TOTL,"Population, total",PT,Portugal
PRT,2003,10458821,,,0,SP.POP.TOTL,"Population, total",PT,Portugal
PRT,2002,10419631,,,0,SP.POP.TOTL,"Population, total",PT,Portugal
PRT,2001,10362722,,,0,SP.POP.TOTL,"Population, total",PT,Portugal
PRT,2000,10289898,,,0,SP.POP.TOTL,"Population, total",PT,Portugal
PRT,1999,10217828,,,0,SP.POP.TOTL,"Population, total",PT,Portugal
PRT,1998,10160196,,,0,SP.POP.TOTL,"Population, total",PT,Portugal
PRT,1997,10108977,,,0,SP.POP.TOTL,"Population, total",PT,Portugal
PRT,1996,10063945,,,0,SP.POP.TOTL,"Population, total",PT,Portugal
PRT,1995,10026176,,,0,SP.POP.TOTL,"Population, total",PT,Portugal
PRT,1994,9991525,,,0,SP.POP.TOTL,"Population, total",PT,Portugal
PRT,1993,9964675,,,0,SP.POP.TOTL,"Population, total",PT,Portugal
PRT,1992,9952494,,,0,SP.POP.TOTL,"Population, total",PT,Portugal
PRT,1991,9960235,,,0,SP.POP.TOTL,"Population, total",PT,Portugal
PRT,1990,9983218,,,0,SP.POP.TOTL,"Population, total",PT,Portugal
PRT,1989,10005000,,,0,SP.POP.TOTL,"Population, total",PT,Portugal
PRT,1988,10019610,,,0,SP.POP.TOTL,"Population, total",PT,Portugal
PRT,1987,10030031,,,0,SP.POP.TOTL,"Population, total",PT,Portugal
PRT,1986,10032734,,,0,SP.POP.TOTL,"Population, total",PT,Portugal
PRT,1985,10023613,,,0,SP.POP.TOTL,"Population, total",PT,Portugal
PRT,1984,9996232,,,0,SP.POP.TOTL,"Population, total",PT,Portugal
PRT,1983,9957865,,,0,SP.POP.TOTL,"Population, total",PT,Portugal
PRT,1982,9911771,,,0,SP.POP.TOTL,"Population, total",PT,Portugal
PRT,1981,9851362,,,0,SP.POP.TOTL,"Population, total",PT,Portugal
PRT,1980,9766312,,,0,SP.POP.TOTL,"Population, total",PT,Portugal
PRT,1979,9661265,,,0,SP.POP.TOTL,"Population, total",PT,Portugal
PRT,1978,9558250,,,0,SP.POP.TOTL,"Population, total",PT,Portugal
PRT,1977,9455675,,,0,SP.POP.TOTL,"Population, total",PT,Portugal
PRT,1976,9355810,,,0,SP.POP.TOTL,"Population, total",PT,Portugal
PRT,1975,9093470,,,0,SP.POP.TOTL,"Population, total",PT,Portugal
PRT,1974,8754365,,,0,SP.POP.TOTL,"Population, total",PT,Portugal
PRT,1973,8633100,,,0,SP.POP.TOTL,"Population, total",PT,Portugal
PRT,1972,8630430,,,0,SP.POP.TOTL,"Population, total",PT,Portugal
PRT,1971,8643756,,,0,SP.POP.TOTL,"Population, total",PT,Portugal
PRT,1970,8680431,,,0,SP.POP.TOTL,"Population, total",PT,Portugal
PRT,1969,8757705,,,0,SP.POP.TOTL,"Population, total",PT,Portugal
PRT,1968,8836650,,,0,SP.POP.TOTL,"Population, total",PT,Portugal
PRT,1967,8874520,,,0,SP.POP.TOTL,"Population, total",PT,Portugal
PRT,1966,8930990,,,0,SP.POP.TOTL,"Population, total",PT,Portugal
PRT,1965,8998595,,,0,SP.POP.TOTL,"Population, total",PT,Portugal
PRT,1964,9035365,,,0,SP.POP.TOTL,"Population, total",PT,Portugal
PRT,1963,9030355,,,0,SP.POP.TOTL,"Population, total",PT,Portugal
PRT,1962,8993985,,,0,SP.POP.TOTL,"Population, total",PT,Portugal
PRT,1961,8929316,,,0,SP.POP.TOTL,"Population, total",PT,Portugal
PRT,1960,8857716,,,0,SP.POP.TOTL,"Population, total",PT,Portugal
SWE,2014,9696110,,,0,SP.POP.TOTL,"Population, total",SE,Sweden
SWE,2013,9600379,,,0,SP.POP.TOTL,"Population, total",SE,Sweden
SWE,2012,9519374,,,0,SP.POP.TOTL,"Population, total",SE,Sweden
SWE,2011,9449213,,,0,SP.POP.TOTL,"Population, total",SE,Sweden
SWE,2010,9378126,,,0,SP.POP.TOTL,"Population, total",SE,Sweden
SWE,2009,9298515,,,0,SP.POP.TOTL,"Population, total",SE,Sweden
SWE,2008,9219637,,,0,SP.POP.TOTL,"Population, total",SE,Sweden
SWE,2007,9148092,,,0,SP.POP.TOTL,"Population, total",SE,Sweden
SWE,2006,9080505,,,0,SP.POP.TOTL,"Population, total",SE,Sweden
SWE,2005,9029572,,,0,SP.POP.TOTL,"Population, total",SE,Sweden
SWE,2004,8993531,,,0,SP.POP.TOTL,"Population, total",SE,Sweden
SWE,2003,8958229,,,0,SP.POP.TOTL,"Population, total",SE,Sweden
SWE,2002,8924958,,,0,SP.POP.TOTL,"Population, total",SE,Sweden
SWE,2001,8895960,,,0,SP.POP.TOTL,"Population, total",SE,Sweden
SWE,2000,8872109,,,0,SP.POP.TOTL,"Population, total",SE,Sweden
SWE,1999,8857874,,,0,SP.POP.TOTL,"Population, total",SE,Sweden
SWE,1998,8850974,,,0,SP.POP.TOTL,"Population, total",SE,Sweden
SWE,1997,8846062,,,0,SP.POP.TOTL,"Population, total",SE,Sweden
SWE,1996,8840998,,,0,SP.POP.TOTL,"Population, total",SE,Sweden
SWE,1995,8826939,,,0,SP.POP.TOTL,"Population, total",SE,Sweden
SWE,1994,8780745,,,0,SP.POP.TOTL,"Population, total",SE,Sweden
SWE,1993,8718561,,,0,SP.POP.TOTL,"Population, total",SE,Sweden
SWE,1992,8668067,,,0,SP.POP.TOTL,"Population, total",SE,Sweden
SWE,1991,8617375,,,0,SP.POP.TOTL,"Population, total",SE,Sweden
SWE,1990,8558835,,,0,SP.POP.TOTL,"Population, total",SE,Sweden
SWE,1989,8492964,,,0,SP.POP.TOTL,"Population, total",SE,Sweden
SWE,1988,8436489,,,0,SP.POP.TOTL,"Population, total",SE,Sweden
SWE,1987,8397804,,,0,SP.POP.TOTL,"Population, total",SE,Sweden
SWE,1986,8369829,,,0,SP.POP.TOTL,"Population, total",SE,Sweden
SWE,1985,8350386,,,0,SP.POP.TOTL,"Population, total",SE,Sweden
SWE,1984,8336605,,,0,SP.POP.TOTL,"Population, total",SE,Sweden
SWE,1983,8329033,,,0,SP.POP.TOTL,"Population, total",SE,Sweden
SWE,1982,8325263,,,0,SP.POP.TOTL,"Population, total",SE,Sweden
SWE,1981,8320503,,,0,SP.POP.TOTL,"Population, total",SE,Sweden
SWE,1980,8310531,,,0,SP.POP.TOTL,"Population, total",SE,Sweden
SWE,1979,8293678,,,0,SP.POP.TOTL,"Population, total",SE,Sweden
SWE,1978,8275599,,,0,SP.POP.TOTL,"Population, total",SE,Sweden
SWE,1977,8251540,,,0,SP.POP.TOTL,"Population, total",SE,Sweden
SWE,1976,8222286,,,0,SP.POP.TOTL,"Population, total",SE,Sweden
SWE,1975,8192437,,,0,SP.POP.TOTL,"Population, total",SE,Sweden
SWE,1974,8159955,,,0,SP.POP.TOTL,"Population, total",SE,Sweden
SWE,1973,8136312,,,0,SP.POP.TOTL,"Population, total",SE,Sweden
SWE,1972,8122300,,,0,SP.POP.TOTL,"Population, total",SE,Sweden
SWE,1971,8098334,,,0,SP.POP.TOTL,"Population, total",SE,Sweden
SWE,1970,8042801,,,0,SP.POP.TOTL,"Population, total",SE,Sweden
SWE,1969,7968072,,,0,SP.POP.TOTL,"Population, total",SE,Sweden
SWE,1968,7912273,,,0,SP.POP.TOTL,"Population, total",SE,Sweden
SWE,1967,7867931,,,0,SP.POP.TOTL,"Population, total",SE,Sweden
SWE,1966,7807797,,,0,SP.POP.TOTL,"Population, total",SE,Sweden
SWE,1965,7733853,,,0,SP.POP.TOTL,"Population, total",SE,Sweden
SWE,1964,7661354,,,0,SP.POP.TOTL,"Population, total",SE,Sweden
SWE,1963,7604328,,,0,SP.POP.TOTL,"Population, total",SE,Sweden
SWE,1962,7561588,,,0,SP.POP.TOTL,"Population, total",SE,Sweden
SWE,1961,7519998,,,0,SP.POP.TOTL,"Population, total",SE,Sweden
SWE,1960,7484656,,,0,SP.POP.TOTL,"Population, total",SE,Sweden
TUR,2014,77181884,,,0,SP.POP.TOTL,"Population, total",TR,Turkiye
TUR,2013,76147624,,,0,SP.POP.TOTL,"Population, total",TR,Turkiye
TUR,2012,75175827,,,0,SP.POP.TOTL,"Population, total",TR,Turkiye
TUR,2011,74223629,,,0,SP.POP.TOTL,"Population, total",TR,Turkiye
TUR,2010,73142150,,,0,SP.POP.TOTL,"Population, total",TR,Turkiye
TUR,2009,72039206,,,0,SP.POP.TOTL,"Population, total",TR,Turkiye
TUR,2008,71051678,,,0,SP.POP.TOTL,"Population, total",TR,Turkiye
TUR,2007,70158112,,,0,SP.POP.TOTL,"Population, total",TR,Turkiye
TUR,2006,70045349,,,0,SP.POP.TOTL,"Population, total",TR,Turkiye
TUR,2005,69329557,,,0,SP.POP.TOTL,"Population, total",TR,Turkiye
TUR,2004,68592617,,,0,SP.POP.TOTL,"Population, total",TR,Turkiye
TUR,2003,67831730,,,0,SP.POP.TOTL,"Population, total",TR,Turkiye
TUR,2002,67048795,,,0,SP.POP.TOTL,"Population, total",TR,Turkiye
TUR,2001,66245128,,,0,SP.POP.TOTL,"Population, total",TR,Turkiye
TUR,2000,65425961,,,0,SP.POP.TOTL,"Population, total",TR,Turkiye
TUR,1999,64591923,,,0,SP.POP.TOTL,"Population, total",TR,Turkiye
TUR,1998,63734383,,,0,SP.POP.TOTL,"Population, total",TR,Turkiye
TUR,1997,62852966,,,0,SP.POP.TOTL,"Population, total",TR,Turkiye
TUR,1996,61951134,,,0,SP.POP.TOTL,"Population, total",TR,Turkiye
TUR,1995,61024503,,,0,SP.POP.TOTL,"Population, total",TR,Turkiye
TUR,1994,60033836,,,0,SP.POP.TOTL,"Population, total",TR,Turkiye
TUR,1993,58999167,,,0,SP.POP.TOTL,"Population, total",TR,Turkiye
TUR,1992,57990118,,,0,SP.POP.TOTL,"Population, total",TR,Turkiye
TUR,1991,57009887,,,0,SP.POP.TOTL,"Population, total",TR,Turkiye
TUR,1990,56015628,,,0,SP.POP.TOTL,"Population, total",TR,Turkiye
TUR,1989,54976723,,,0,SP.POP.TOTL,"Population, total",TR,Turkiye
TUR,1988,53909626,,,0,SP.POP.TOTL,"Population, total",TR,Turkiye
TUR,1987,52843670,,,0,SP.POP.TOTL,"Population, total",TR,Turkiye
TUR,1986,51777772,,,0,SP.POP.TOTL,"Population, total",TR,Turkiye
TUR,1985,50687115,,,0,SP.POP.TOTL,"Population, total",TR,Turkiye
TUR,1984,49574069,,,0,SP.POP.TOTL,"Population, total",TR,Turkiye
TUR,1983,48447410,,,0,SP.POP.TOTL,"Population, total",TR,Turkiye
TUR,1982,47322096,,,0,SP.POP.TOTL,"Population, total",TR,Turkiye
TUR,1981,46321190,,,0,SP.POP.TOTL,"Population, total",TR,Turkiye
TUR,1980,45408815,,,0,SP.POP.TOTL,"Population, total",TR,Turkiye
TUR,1979,44510429,,,0,SP.POP.TOTL,"Population, total",TR,Turkiye
TUR,1978,43645306,,,0,SP.POP.TOTL,"Population, total",TR,Turkiye
TUR,1977,42773298,,,0,SP.POP.TOTL,"Population, total",TR,Turkiye
TUR,1976,41899984,,,0,SP.POP.TOTL,"Population, total",TR,Turkiye
TUR,1975,41053126,,,0,SP.POP.TOTL,"Population, total",TR,Turkiye
TUR,1974,40210234,,,0,SP.POP.TOTL,"Population, total",TR,Turkiye
TUR,1973,39329533,,,0,SP.POP.TOTL,"Population, total",TR,Turkiye
TUR,1972,38430221,,,0,SP.POP.TOTL,"Population, total",TR,Turkiye
TUR,1971,37518611,,,0,SP.POP.TOTL,"Population, total",TR,Turkiye
TUR,1970,36638465,,,0,SP.POP.TOTL,"Population, total",TR,Turkiye
TUR,1969,35787774,,,0,SP.POP.TOTL,"Population, total",TR,Turkiye
TUR,1968,34921684,,,0,SP.POP.TOTL,"Population, total",TR,Turkiye
TUR,1967,34050421,,,0,SP.POP.TOTL,"Population, total",TR,Turkiye
TUR,1966,33177672,,,0,SP.POP.TOTL,"Population, total",TR,Turkiye
TUR,1965,32345220,,,0,SP.POP.TOTL,"Population, total",TR,Turkiye
TUR,1964,31543072,,,0,SP.POP.TOTL,"Population, total",TR,Turkiye
TUR,1963,30726841,,,0,SP.POP.TOTL,"Population, total",TR,Turkiye
TUR,1962,29916147,,,0,SP.POP.TOTL,"Population, total",TR,Turkiye
TUR,1961,29119238,,,0,SP.POP.TOTL,"Population, total",TR,Turkiye
TUR,1960,28329898,,,0,SP.POP.TOTL,"Population, total",TR,Turkiye
URY,2014,3356334,,,0,SP.POP.TOTL,"Population, total",UY,Uruguay
URY,2013,3345337,,,0,SP.POP.TOTL,"Population, total",UY,Uruguay
URY,2012,3335401,,,0,SP.POP.TOTL,"Population, total",UY,Uruguay
URY,2011,3326825,,,0,SP.POP.TOTL,"Population, total",UY,Uruguay
URY,2010,3318580,,,0,SP.POP.TOTL,"Population, total",UY,Uruguay
URY,2009,3310091,,,0,SP.POP.TOTL,"Population, total",UY,Uruguay
URY,2008,3302177,,,0,SP.POP.TOTL,"Population, total",UY,Uruguay
URY,2007,3295153,,,0,SP.POP.TOTL,"Population, total",UY,Uruguay
URY,2006,3289506,,,0,SP.POP.TOTL,"Population, total",UY,Uruguay
URY,2005,3285771,,,0,SP.POP.TOTL,"Population, total",UY,Uruguay
URY,2004,3283148,,,0,SP.POP.TOTL,"Population, total",UY,Uruguay
URY,2003,3281186,,,0,SP.POP.TOTL,"Population, total",UY,Uruguay
URY,2002,3278867,,,0,SP.POP.TOTL,"Population, total",UY,Uruguay
URY,2001,3274251,,,0,SP.POP.TOTL,"Population, total",UY,Uruguay
URY,2000,3266206,,,0,SP.POP.TOTL,"Population, total",UY,Uruguay
URY,1999,3254015,,,0,SP.POP.TOTL,"Population, total",UY,Uruguay
URY,1998,3239280,,,0,SP.POP.TOTL,"Population, total",UY,Uruguay
URY,1997,3223345,,,0,SP.POP.TOTL,"Population, total",UY,Uruguay
URY,1996,3206324,,,0,SP.POP.TOTL,"Population, total",UY,Uruguay
URY,1995,3189440,,,0,SP.POP.TOTL,"Population, total",UY,Uruguay
URY,1994,3172834,,,0,SP.POP.TOTL,"Population, total",UY,Uruguay
URY,1993,3156345,,,0,SP.POP.TOTL,"Population, total",UY,Uruguay
URY,1992,3139702,,,0,SP.POP.TOTL,"Population, total",UY,Uruguay
URY,1991,3122354,,,0,SP.POP.TOTL,"Population, total",UY,Uruguay
URY,1990,3104403,,,0,SP.POP.TOTL,"Population, total",UY,Uruguay
URY,1989,3086255,,,0,SP.POP.TOTL,"Population, total",UY,Uruguay
URY,1988,3067961,,,0,SP.POP.TOTL,"Population, total",UY,Uruguay
URY,1987,3049896,,,0,SP.POP.TOTL,"Population, total",UY,Uruguay
URY,1986,3032845,,,0,SP.POP.TOTL,"Population, total",UY,Uruguay
URY,1985,3017037,,,0,SP.POP.TOTL,"Population, total",UY,Uruguay
URY,1984,3002488,,,0,SP.POP.TOTL,"Population, total",UY,Uruguay
URY,1983,2988778,,,0,SP.POP.TOTL,"Population, total",UY,Uruguay
URY,1982,2975492,,,0,SP.POP.TOTL,"Population, total",UY,Uruguay
URY,1981,2963246,,,0,SP.POP.TOTL,"Population, total",UY,Uruguay
URY,1980,2951953,,,0,SP.POP.TOTL,"Population, total",UY,Uruguay
URY,1979,2939903,,,0,SP.POP.TOTL,"Population, total",UY,Uruguay
URY,1978,2925715,,,0,SP.POP.TOTL,"Population, total",UY,Uruguay
URY,1977,2909461,,,0,SP.POP.TOTL,"Population, total",UY,Uruguay
URY,1976,2891392,,,0,SP.POP.TOTL,"Population, total",UY,Uruguay
URY,1975,2872320,,,0,SP.POP.TOTL,"Population, total",UY,Uruguay
URY,1974,2853944,,,0,SP.POP.TOTL,"Population, total",UY,Uruguay
URY,1973,2837133,,,0,SP.POP.TOTL,"Population, total",UY,Uruguay
URY,1972,2821644,,,0,SP.POP.TOTL,"Population, total",UY,Uruguay
URY,1971,2806462,,,0,SP.POP.TOTL,"Population, total",UY,Uruguay
URY,1970,2790807,,,0,SP.POP.TOTL,"Population, total",UY,Uruguay
URY,1969,2773974,,,0,SP.POP.TOTL,"Population, total",UY,Uruguay
URY,1968,2754606,,,0,SP.POP.TOTL,"Population, total",UY,Uruguay
URY,1967,2732277,,,0,SP.POP.TOTL,"Population, total",UY,Uruguay
URY,1966,2707646,,,0,SP.POP.TOTL,"Population, total",UY,Uruguay
URY,1965,2681169,,,0,SP.POP.TOTL,"Population, total",UY,Uruguay
URY,1964,2653180,,,0,SP.POP.TOTL,"Population, total",UY,Uruguay
URY,1963,2623766,,,0,SP.POP.TOTL,"Population, total",UY,Uruguay
URY,1962,2593298,,,0,SP.POP.TOTL,"Population, total",UY,Uruguay
URY,1961,2562044,,,0,SP.POP.TOTL,"Population, total",UY,Uruguay
URY,1960,2529957,,,0,SP.POP.TOTL,"Population, total",UY,Uruguay
USA,2014,319257560,,,0,SP.POP.TOTL,"Population, total",US,United States
USA,2013,316726282,,,0,SP.POP.TOTL,"Population, total",US,United States
USA,2012,314339099,,,0,SP.POP.TOTL,"Population, total",US,United States
USA,2011,311839461,,,0,SP.POP.TOTL,"Population, total",US,United States
USA,2010,309378227,,,0,SP.POP.TOTL,"Population, total",US,United States
USA,2009,306771529,,,0,SP.POP.TOTL,"Population, total",US,United States
USA,2008,304093966,,,0,SP.POP.TOTL,"Population, total",US,United States
USA,2007,301231207,,,0,SP.POP.TOTL,"Population, total",US,United States
USA,2006,298379912,,,0,SP.POP.TOTL,"Population, total",US,United States
USA,2005,295516599,,,0,SP.POP.TOTL,"Population, total",US,United States
USA,2004,292805298,,,0,SP.POP.TOTL,"Population, total",US,United States
USA,2003,290107933,,,0,SP.POP.TOTL,"Population, total",US,United States
USA,2002,287625193,,,0,SP.POP.TOTL,"Population, total",US,United States
USA,2001,284968955,,,0,SP.POP.TOTL,"Population, total",US,United States
USA,2000,282162411,,,0,SP.POP.TOTL,"Population, total",US,United States
USA,1999,279040000,,,0,SP.POP.TOTL,"Population, total",US,United States
USA,1998,275854000,,,0,SP.POP.TOTL,"Population, total",US,United States
USA,1997,272657000,,,0,SP.POP.TOTL,"Population, total",US,United States
USA,1996,269394000,,,0,SP.POP.TOTL,"Population, total",US,United States
USA,1995,266278000,,,0,SP.POP.TOTL,"Population, total",US,United States
USA,1994,263126000,,,0,SP.POP.TOTL,"Population, total",US,United States
USA,1993,259919000,,,0,SP.POP.TOTL,"Population, total",US,United States
USA,1992,256514000,,,0,SP.POP.TOTL,"Population, total",US,United States
USA,1991,252981000,,,0,SP.POP.TOTL,"Population, total",US,United States
USA,1990,249623000,,,0,SP.POP.TOTL,"Population, total",US,United States
USA,1989,246819000,,,0,SP.POP.TOTL,"Population, total",US,United States
USA,1988,244499000,,,0,SP.POP.TOTL,"Population, total",US,United States
USA,1987,242289000,,,0,SP.POP.TOTL,"Population, total",US,United States
USA,1986,240133000,,,0,SP.POP.TOTL,"Population, total",US,United States
USA,1985,237924000,,,0,SP.POP.TOTL,"Population, total",US,United States
USA,1984,235825000,,,0,SP.POP.TOTL,"Population, total",US,United States
USA,1983,233792000,,,0,SP.POP.TOTL,"Population, total",US,United States
USA,1982,231664000,,,0,SP.POP.TOTL,"Population, total",US,United States
USA,1981,229466000,,,0,SP.POP.TOTL,"Population, total",US,United States
USA,1980,227225000,,,0,SP.POP.TOTL,"Population, total",US,United States
USA,1979,225055000,,,0,SP.POP.TOTL,"Population, total",US,United States
USA,1978,222585000,,,0,SP.POP.TOTL,"Population, total",US,United States
USA,1977,220239000,,,0,SP.POP.TOTL,"Population, total",US,United States
USA,1976,218035000,,,0,SP.POP.TOTL,"Population, total",US,United States
USA,1975,215973000,,,0,SP.POP.TOTL,"Population, total",US,United States
USA,1974,213854000,,,0,SP.POP.TOTL,"Population, total",US,United States
USA,1973,211909000,,,0,SP.POP.TOTL,"Population, total",US,United States
USA,1972,209896000,,,0,SP.POP.TOTL,"Population, total",US,United States
USA,1971,207661000,,,0,SP.POP.TOTL,"Population, total",US,United States
USA,1970,205052000,,,0,SP.POP.TOTL,"Population, total",US,United States
USA,1969,202677000,,,0,SP.POP.TOTL,"Population, total",US,United States
USA,1968,200706000,,,0,SP.POP.TOTL,"Population, total",US,United States
USA,1967,198712000,,,0,SP.POP.TOTL,"Population, total",US,United States
USA,1966,196560000,,,0,SP.POP.TOTL,"Population, total",US,United States
USA,1965,194303000,,,0,SP.POP.TOTL,"Population, total",US,United States
USA,1964,191889000,,,0,SP.POP.TOTL,"Population, total",US,United States
USA,1963,189242000,,,0,SP.POP.TOTL,"Population, total",US,United States
USA,1962,186538000,,,0,SP.POP.TOTL,"Population, total",US,United States
USA,1961,183691000,,,0,SP.POP.TOTL,"Population, total",US,United States
USA,1960,180671000,,,0,SP.POP.TOTL,"Population, total",US,United States
